{
  "version": 1,
  "author": "Arpit Kamboj",
  "editor": "wokwi",
  "parts": [
    { "type": "board-esp32-devkit-c-v4", "id": "esp", "top": 9.6, "left": -100.76, "attrs": {} },
    { "type": "wokwi-dht22", "id": "dht1", "top": -172.5, "left": -34.2, "attrs": {} },
    {
      "type": "wokwi-slide-potentiometer",
      "id": "pot2",
      "top": -148.6,
      "left": 229.4,
      "attrs": { "travelLength": "30" }
    },
    {
      "type": "wokwi-gas-sensor",
      "id": "gas1",
      "top": -138.4,
      "left": 31.7,
      "rotate": 90,
      "attrs": {}
    }
  ],
  "connections": [
    [ "esp:TX", "$serialMonitor:RX", "", [] ],
    [ "esp:RX", "$serialMonitor:TX", "", [] ],
    [ "dht1:SDA", "esp:4", "green", [ "v48", "h134.5", "v153.6" ] ],
    [ "dht1:GND", "esp:GND.2", "black", [ "v96" ] ],
    [ "dht1:VCC", "esp:3V3", "red", [ "v19.2", "h-105.6", "v86.4" ] ],
    [ "gas1:VCC", "esp:3V3", "red", [ "v19.2", "h-181.5" ] ],
    [ "gas1:GND", "esp:GND.2", "black", [ "v0" ] ],
    [ "esp:34", "gas1:DOUT", "green", [ "h-28.65", "v163.2", "h240" ] ],
    [ "esp:35", "pot2:SIG", "green", [ "h-19.05", "v153.6", "h345.6" ] ],
    [ "pot2:VCC", "esp:3V3", "red", [ "h-38.4", "v105.6", "h-307.2" ] ],
    [ "pot2:GND", "esp:GND.2", "black", [ "v0" ] ]
  ],
  "dependencies": {}
}